,prompt_count,mean_vote_entropy,mean_pairwise_disagreement,mean_risk_score,mean_risk_variance,disagreement_prompts
Neutral,20,0.04591479170272446,0.033333333333333305,0.8996666666666663,0.006995555555555,1
GDL (MX),20,0.0,0.0,0.9061666666666666,0.0026599999999994,0
CABA (AR),20,0.0,0.0,0.9146666666666665,0.0023844444444438,0
Santiago (CL),20,0.04591479170272446,0.033333333333333305,0.901833333333333,0.0076077777777772,1
Barcelona (ES),20,0.04591479170272446,0.033333333333333305,0.9031666666666665,0.0064755555555550005,1
Uruguay (UY),20,0.0,0.0,0.9271666666666665,0.0017399999999994499,0
